{
    "loss": 5.327148914337158,
    "accuracy": 0.529411792755127
}